<?xml version="1.0" encoding="UTF-8"?><font><info face="Calligraffitti-Regular" size="72" bold="0" italic="0" charset="" unicode="1" stretchH="100" smooth="1" aa="1" padding="1,1,1,1" spacing="1,1"/><common lineHeight="72" base="69" scaleW="536" scaleH="536" pages="1" packed="0"/><pages><page id="0" file="Unnamed.png"/></pages><chars count="91"><char id="32" x="0" y="0" width="0" height="0" xoffset="0" yoffset="0" xadvance="21" page="0" chnl="15"/><char id="33" x="489" y="372" width="15" height="59" xoffset="4" yoffset="13" xadvance="17" page="0" chnl="15"/><char id="34" x="392" y="493" width="18" height="15" xoffset="9" yoffset="14" xadvance="15" page="0" chnl="15"/><char id="35" x="239" y="433" width="69" height="57" xoffset="-1" yoffset="15" xadvance="60" page="0" chnl="15"/><char id="36" x="483" y="103" width="44" height="67" xoffset="2" yoffset="8" xadvance="38" page="0" chnl="15"/><char id="37" x="176" y="372" width="43" height="60" xoffset="5" yoffset="14" xadvance="47" page="0" chnl="15"/><char id="38" x="323" y="310" width="44" height="61" xoffset="0" yoffset="13" xadvance="43" page="0" chnl="15"/><char id="39" x="411" y="493" width="12" height="15" xoffset="9" yoffset="14" xadvance="10" page="0" chnl="15"/><char id="40" x="505" y="372" width="30" height="58" xoffset="5" yoffset="15" xadvance="20" page="0" chnl="15"/><char id="41" x="107" y="433" width="32" height="58" xoffset="-8" yoffset="15" xadvance="21" page="0" chnl="15"/><char id="42" x="502" y="450" width="23" height="23" xoffset="5" yoffset="16" xadvance="19" page="0" chnl="15"/><char id="43" x="290" y="493" width="38" height="37" xoffset="3" yoffset="23" xadvance="35" page="0" chnl="15"/><char id="44" x="380" y="493" width="11" height="16" xoffset="-8" yoffset="63" xadvance="9" page="0" chnl="15"/><char id="45" x="270" y="91" width="38" height="8" xoffset="3" yoffset="38" xadvance="36" page="0" chnl="15"/><char id="46" x="309" y="91" width="8" height="8" xoffset="-5" yoffset="64" xadvance="9" page="0" chnl="15"/><char id="47" x="140" y="433" width="42" height="58" xoffset="-8" yoffset="13" xadvance="21" page="0" chnl="15"/><char id="48" x="0" y="310" width="38" height="61" xoffset="2" yoffset="12" xadvance="36" page="0" chnl="15"/><char id="49" x="350" y="372" width="30" height="59" xoffset="-3" yoffset="13" xadvance="23" page="0" chnl="15"/><char id="50" x="210" y="245" width="53" height="62" xoffset="-5" yoffset="13" xadvance="42" page="0" chnl="15"/><char id="51" x="264" y="245" width="51" height="62" xoffset="-8" yoffset="13" xadvance="42" page="0" chnl="15"/><char id="52" x="163" y="177" width="44" height="65" xoffset="2" yoffset="11" xadvance="41" page="0" chnl="15"/><char id="53" x="208" y="177" width="39" height="65" xoffset="6" yoffset="11" xadvance="39" page="0" chnl="15"/><char id="54" x="316" y="245" width="36" height="62" xoffset="5" yoffset="11" xadvance="41" page="0" chnl="15"/><char id="55" x="39" y="310" width="45" height="61" xoffset="4" yoffset="12" xadvance="36" page="0" chnl="15"/><char id="56" x="85" y="310" width="41" height="61" xoffset="1" yoffset="12" xadvance="40" page="0" chnl="15"/><char id="57" x="353" y="245" width="36" height="62" xoffset="5" yoffset="11" xadvance="39" page="0" chnl="15"/><char id="58" x="527" y="245" width="9" height="23" xoffset="0" yoffset="46" xadvance="8" page="0" chnl="15"/><char id="59" x="329" y="493" width="11" height="29" xoffset="0" yoffset="46" xadvance="9" page="0" chnl="15"/><char id="61" x="341" y="493" width="38" height="17" xoffset="5" yoffset="36" xadvance="42" page="0" chnl="15"/><char id="63" x="71" y="433" width="35" height="58" xoffset="6" yoffset="14" xadvance="31" page="0" chnl="15"/><char id="64" x="220" y="372" width="51" height="60" xoffset="2" yoffset="13" xadvance="49" page="0" chnl="15"/><char id="65" x="347" y="0" width="71" height="76" xoffset="-14" yoffset="8" xadvance="47" page="0" chnl="15"/><char id="66" x="368" y="310" width="64" height="60" xoffset="-5" yoffset="13" xadvance="54" page="0" chnl="15"/><char id="67" x="381" y="372" width="45" height="59" xoffset="3" yoffset="14" xadvance="41" page="0" chnl="15"/><char id="68" x="433" y="310" width="69" height="60" xoffset="-5" yoffset="13" xadvance="60" page="0" chnl="15"/><char id="69" x="92" y="177" width="70" height="66" xoffset="-4" yoffset="8" xadvance="50" page="0" chnl="15"/><char id="70" x="311" y="177" width="61" height="65" xoffset="2" yoffset="8" xadvance="40" page="0" chnl="15"/><char id="71" x="0" y="0" width="68" height="102" xoffset="-16" yoffset="12" xadvance="46" page="0" chnl="15"/><char id="72" x="52" y="245" width="71" height="63" xoffset="-1" yoffset="14" xadvance="65" page="0" chnl="15"/><char id="73" x="442" y="177" width="65" height="64" xoffset="-11" yoffset="13" xadvance="38" page="0" chnl="15"/><char id="74" x="221" y="0" width="72" height="90" xoffset="-34" yoffset="13" xadvance="28" page="0" chnl="15"/><char id="75" x="149" y="310" width="62" height="61" xoffset="-3" yoffset="13" xadvance="53" page="0" chnl="15"/><char id="76" x="212" y="310" width="58" height="61" xoffset="1" yoffset="13" xadvance="55" page="0" chnl="15"/><char id="77" x="390" y="245" width="76" height="62" xoffset="-3" yoffset="14" xadvance="68" page="0" chnl="15"/><char id="78" x="124" y="245" width="85" height="63" xoffset="-8" yoffset="10" xadvance="54" page="0" chnl="15"/><char id="79" x="271" y="310" width="51" height="61" xoffset="2" yoffset="12" xadvance="50" page="0" chnl="15"/><char id="80" x="427" y="372" width="61" height="59" xoffset="-5" yoffset="13" xadvance="49" page="0" chnl="15"/><char id="81" x="0" y="245" width="51" height="64" xoffset="2" yoffset="12" xadvance="49" page="0" chnl="15"/><char id="82" x="0" y="372" width="63" height="60" xoffset="-4" yoffset="13" xadvance="54" page="0" chnl="15"/><char id="83" x="64" y="372" width="56" height="60" xoffset="-4" yoffset="12" xadvance="44" page="0" chnl="15"/><char id="84" x="265" y="103" width="65" height="68" xoffset="1" yoffset="7" xadvance="41" page="0" chnl="15"/><char id="85" x="121" y="372" width="54" height="60" xoffset="4" yoffset="13" xadvance="55" page="0" chnl="15"/><char id="86" x="467" y="245" width="59" height="62" xoffset="0" yoffset="11" xadvance="51" page="0" chnl="15"/><char id="87" x="0" y="177" width="91" height="67" xoffset="1" yoffset="6" xadvance="80" page="0" chnl="15"/><char id="88" x="0" y="433" width="70" height="59" xoffset="-10" yoffset="14" xadvance="48" page="0" chnl="15"/><char id="89" x="69" y="0" width="68" height="101" xoffset="-9" yoffset="13" xadvance="53" page="0" chnl="15"/><char id="90" x="141" y="103" width="83" height="72" xoffset="-5" yoffset="13" xadvance="45" page="0" chnl="15"/><char id="91" x="272" y="372" width="39" height="60" xoffset="-3" yoffset="13" xadvance="21" page="0" chnl="15"/><char id="93" x="312" y="372" width="37" height="60" xoffset="-10" yoffset="13" xadvance="22" page="0" chnl="15"/><char id="94" x="502" y="433" width="34" height="16" xoffset="5" yoffset="14" xadvance="27" page="0" chnl="15"/><char id="95" x="221" y="91" width="48" height="8" xoffset="-5" yoffset="63" xadvance="42" page="0" chnl="15"/><char id="97" x="219" y="493" width="39" height="41" xoffset="-4" yoffset="33" xadvance="33" page="0" chnl="15"/><char id="98" x="331" y="103" width="30" height="67" xoffset="0" yoffset="8" xadvance="29" page="0" chnl="15"/><char id="99" x="153" y="493" width="27" height="42" xoffset="-2" yoffset="33" xadvance="23" page="0" chnl="15"/><char id="100" x="373" y="177" width="42" height="64" xoffset="-2" yoffset="11" xadvance="32" page="0" chnl="15"/><char id="101" x="259" y="493" width="30" height="41" xoffset="-1" yoffset="33" xadvance="26" page="0" chnl="15"/><char id="102" x="138" y="0" width="82" height="99" xoffset="-40" yoffset="10" xadvance="21" page="0" chnl="15"/><char id="103" x="419" y="0" width="51" height="74" xoffset="-20" yoffset="33" xadvance="31" page="0" chnl="15"/><char id="104" x="0" y="103" width="43" height="73" xoffset="-4" yoffset="6" xadvance="36" page="0" chnl="15"/><char id="105" x="127" y="310" width="21" height="61" xoffset="1" yoffset="13" xadvance="19" page="0" chnl="15"/><char id="106" x="294" y="0" width="52" height="85" xoffset="-33" yoffset="13" xadvance="17" page="0" chnl="15"/><char id="107" x="44" y="103" width="37" height="73" xoffset="-4" yoffset="6" xadvance="29" page="0" chnl="15"/><char id="108" x="416" y="177" width="25" height="64" xoffset="1" yoffset="11" xadvance="22" page="0" chnl="15"/><char id="109" x="445" y="433" width="56" height="44" xoffset="-4" yoffset="30" xadvance="48" page="0" chnl="15"/><char id="110" x="0" y="493" width="41" height="43" xoffset="-5" yoffset="31" xadvance="33" page="0" chnl="15"/><char id="111" x="42" y="493" width="34" height="43" xoffset="-2" yoffset="31" xadvance="32" page="0" chnl="15"/><char id="112" x="471" y="0" width="65" height="71" xoffset="-34" yoffset="32" xadvance="30" page="0" chnl="15"/><char id="113" x="225" y="103" width="39" height="71" xoffset="-2" yoffset="32" xadvance="30" page="0" chnl="15"/><char id="114" x="77" y="493" width="35" height="43" xoffset="-4" yoffset="33" xadvance="25" page="0" chnl="15"/><char id="115" x="181" y="493" width="37" height="42" xoffset="-4" yoffset="32" xadvance="26" page="0" chnl="15"/><char id="116" x="503" y="310" width="33" height="54" xoffset="-7" yoffset="20" xadvance="24" page="0" chnl="15"/><char id="117" x="113" y="493" width="39" height="43" xoffset="-1" yoffset="31" xadvance="35" page="0" chnl="15"/><char id="118" x="362" y="103" width="42" height="67" xoffset="-3" yoffset="9" xadvance="27" page="0" chnl="15"/><char id="119" x="248" y="177" width="62" height="65" xoffset="-2" yoffset="10" xadvance="47" page="0" chnl="15"/><char id="120" x="405" y="103" width="77" height="67" xoffset="-43" yoffset="33" xadvance="27" page="0" chnl="15"/><char id="121" x="82" y="103" width="58" height="72" xoffset="-22" yoffset="33" xadvance="32" page="0" chnl="15"/><char id="122" x="309" y="433" width="65" height="51" xoffset="-9" yoffset="34" xadvance="27" page="0" chnl="15"/><char id="123" x="209" y="433" width="29" height="58" xoffset="0" yoffset="14" xadvance="18" page="0" chnl="15"/><char id="124" x="183" y="433" width="25" height="58" xoffset="-1" yoffset="14" xadvance="20" page="0" chnl="15"/><char id="125" x="508" y="177" width="28" height="58" xoffset="-3" yoffset="14" xadvance="20" page="0" chnl="15"/><char id="8470" x="375" y="433" width="69" height="51" xoffset="-2" yoffset="-3" xadvance="69" page="0" chnl="15"/></chars></font>